통,법정동,지번
1,정왕동,876-25
1,정왕동,876-64
1,정왕동,876-66
1,정왕동,876-173
1,정왕동,876-174
1,정왕동,876-175
1,정왕동,876-176
1,정왕동,876-177
1,정왕동,876-179
1,정왕동,876-181
1,정왕동,876-248
1,정왕동,876-251
1,정왕동,876-252
1,정왕동,876-253
1,정왕동,876-257
1,정왕동,876-278
1,정왕동,876-279
1,정왕동,876-280
1,정왕동,876-281
1,정왕동,876-282
1,정왕동,876-283
1,정왕동,876-285
1,정왕동,876-310
1,정왕동,876-311
1,정왕동,876-312
1,정왕동,876-313
1,정왕동,876-314
1,정왕동,876-315
1,정왕동,876-316
1,정왕동,876-317
1,정왕동,876-318
1,정왕동,876-329
1,정왕동,876-330
1,정왕동,876-331
1,정왕동,876-332
1,정왕동,876-334
1,정왕동,876-335
1,정왕동,876-336
1,정왕동,876-338
1,정왕동,876-359
1,정왕동,876-360
1,정왕동,876-361
1,정왕동,876-362
1,정왕동,876-363
1,정왕동,876-364
1,정왕동,876-373
1,정왕동,876-374
1,정왕동,876-375
1,정왕동,876-378
1,정왕동,876-455
1,정왕동,876-457
1,정왕동,876-458
1,정왕동,876-459
1,정왕동,876-461
1,정왕동,876-463
1,정왕동,876-464
1,정왕동,876-470
1,정왕동,876-483
1,정왕동,876-485
1,정왕동,876-487
1,정왕동,876-489
1,정왕동,876-498
1,정왕동,876-504
1,정왕동,876-518
1,정왕동,876-520
1,정왕동,876-526
1,정왕동,876-570
1,정왕동,876-571
1,정왕동,876-669
1,정왕동,876-670
1,정왕동,876-671
1,정왕동,876-672
1,정왕동,876-682
1,정왕동,876-683
1,정왕동,876-684
1,정왕동,876-686
1,정왕동,876-687
1,정왕동,876-688
1,정왕동,876-689
1,정왕동,876-709
1,정왕동,876-710
1,정왕동,876-711
1,정왕동,876-721
1,정왕동,876-734
1,정왕동,876-735
1,정왕동,876-736
1,정왕동,914
1,정왕동,914-2
1,정왕동,914-4
1,정왕동,914-5
1,정왕동,914-9
1,정왕동,915
1,정왕동,916
1,정왕동,916-1
1,정왕동,917-1
1,정왕동,917-2
1,정왕동,917-8
1,정왕동,917-9
1,정왕동,917-14
1,정왕동,917-15
1,정왕동,917-16
1,정왕동,917-17
1,정왕동,918-1
1,정왕동,918-2
1,정왕동,918-3
1,정왕동,919
1,정왕동,920-1
1,정왕동,920-2
1,정왕동,920-3
1,정왕동,920-4
1,정왕동,920-5
1,정왕동,920-6
1,정왕동,921-1
1,정왕동,921-2
1,정왕동,921-3
1,정왕동,922
1,정왕동,923-1
1,정왕동,923-2
1,정왕동,924-1
1,정왕동,924-2
1,정왕동,924-3
1,정왕동,924-4
1,정왕동,924-5
1,정왕동,924-6
1,정왕동,924-7
1,정왕동,924-8
1,정왕동,924-9
1,정왕동,924-10
1,정왕동,924-11
1,정왕동,924-12
1,정왕동,924-13
1,정왕동,924-14
1,정왕동,924-15
1,정왕동,924-16
1,정왕동,924-17
1,정왕동,924-18
1,정왕동,930
1,정왕동,931
1,정왕동,932-1
1,정왕동,932-2
1,정왕동,937-1
1,정왕동,937-2
1,정왕동,937-3
1,정왕동,938-1
1,정왕동,938-2
1,정왕동,939
1,정왕동,940
1,정왕동,941
1,정왕동,941-1
1,정왕동,942
1,정왕동,943
1,정왕동,944-1
1,정왕동,944-2
1,정왕동,945
1,정왕동,946-1
1,정왕동,946-2
1,정왕동,946-3
1,정왕동,946-4
1,정왕동,946-5
1,정왕동,946-6
1,정왕동,947-1
1,정왕동,947-2
1,정왕동,947-3
1,정왕동,947-4
1,정왕동,947-5
1,정왕동,947-6
1,정왕동,948-1
1,정왕동,948-2
1,정왕동,949
1,정왕동,950-1
1,정왕동,950-2
1,정왕동,956-6
1,정왕동,956-7
1,정왕동,956-39
1,정왕동,956-48
1,정왕동,956-49
1,정왕동,970
1,정왕동,970-1
1,정왕동,970-3
1,정왕동,970-4
1,정왕동,970-5
1,정왕동,971
1,정왕동,971-1
1,정왕동,971-2
1,정왕동,971-3
1,정왕동,971-5
1,정왕동,971-6
1,정왕동,972-1
1,정왕동,972-2
1,정왕동,972-3
1,정왕동,978
1,정왕동,979
1,정왕동,980
1,정왕동,981-1
1,정왕동,982
1,정왕동,982-1
1,정왕동,982-2
1,정왕동,982-3
1,정왕동,982-4
1,정왕동,982-5
1,정왕동,982-6
1,정왕동,982-7
1,정왕동,982-8
1,정왕동,982-9
1,정왕동,982-10
1,정왕동,982-11
1,정왕동,982-12
1,정왕동,982-13
1,정왕동,982-14
1,정왕동,982-16
1,정왕동,982-18
1,정왕동,982-21
1,정왕동,982-22
1,정왕동,982-23
1,정왕동,982-24
1,정왕동,982-25
1,정왕동,982-26
1,정왕동,982-27
1,정왕동,983-1
1,정왕동,983-2
1,정왕동,984
1,정왕동,984-1
1,정왕동,985
1,정왕동,985-1
1,정왕동,986
1,정왕동,986-1
1,정왕동,987
1,정왕동,988
1,정왕동,989
1,정왕동,989-1
1,정왕동,989-2
1,정왕동,989-3
1,정왕동,989-4
1,정왕동,989-5
1,정왕동,990
1,정왕동,990-1
1,정왕동,990-2
1,정왕동,990-4
1,정왕동,990-5
1,정왕동,990-9
1,정왕동,990-13
1,정왕동,990-16
1,정왕동,990-17
1,정왕동,990-21
1,정왕동,990-23
1,정왕동,990-24
1,정왕동,990-25
1,정왕동,991
1,정왕동,992
1,정왕동,993
1,정왕동,994
1,정왕동,995
1,정왕동,996
1,정왕동,996-1
1,정왕동,996-2
1,정왕동,997
1,정왕동,998
1,정왕동,998-1
1,정왕동,998-2
1,정왕동,999
1,정왕동,999-1
1,정왕동,999-2
1,정왕동,1000
1,정왕동,1000-1
1,정왕동,1000-2
1,정왕동,1000-3
1,정왕동,1001
1,정왕동,1021-1
1,정왕동,1021-2
1,정왕동,1023
1,정왕동,1024
1,정왕동,1025
1,정왕동,1025-1
1,정왕동,1025-2
1,정왕동,1026
1,정왕동,1026-1
1,정왕동,1026-2
1,정왕동,1027
1,정왕동,1027-1
1,정왕동,1027-2
1,정왕동,1028
1,정왕동,1028-1
1,정왕동,1028-2
1,정왕동,1031
1,정왕동,1031-1
1,정왕동,1031-2
1,정왕동,1032
1,정왕동,1032-1
1,정왕동,1032-2
1,정왕동,1032-3
1,정왕동,1032-9
1,정왕동,1032-10
1,정왕동,1032-11
1,정왕동,1032-12
1,정왕동,1032-14
1,정왕동,1032-15
1,정왕동,1032-18
1,정왕동,1032-29
1,정왕동,1032-30
1,정왕동,1032-32
1,정왕동,1032-33
1,정왕동,1032-34
1,정왕동,1032-35
1,정왕동,1032-36
1,정왕동,1032-37
1,정왕동,1032-38
1,정왕동,1032-39
1,정왕동,1032-40
1,정왕동,1032-41
1,정왕동,1033
1,정왕동,1033-1
1,정왕동,1033-2
1,정왕동,1033-3
1,정왕동,1033-4
1,정왕동,1033-5
1,정왕동,1033-6
1,정왕동,1033-8
1,정왕동,1033-9
1,정왕동,1033-10
1,정왕동,1033-11
1,정왕동,1033-14
1,정왕동,1033-15
1,정왕동,1033-16
1,정왕동,1033-17
1,정왕동,1033-18
1,정왕동,1033-19
1,정왕동,1033-20
1,정왕동,1034
1,정왕동,1034-1
1,정왕동,1035
1,정왕동,1035-1
1,정왕동,1035-2
1,정왕동,1036
1,정왕동,1037
1,정왕동,1037-1
1,정왕동,1037-2
1,정왕동,1038
1,정왕동,1039
1,정왕동,1039-1
1,정왕동,1039-2
1,정왕동,1039-3
1,정왕동,1040
1,정왕동,1040-1
1,정왕동,1040-2
1,정왕동,1040-3
1,정왕동,1040-4
1,정왕동,1041
1,정왕동,1042
1,정왕동,1043-1
1,정왕동,1043-2
1,정왕동,1043-3
1,정왕동,1043-4
1,정왕동,1043-5
1,정왕동,1043-6
1,정왕동,1043-7
1,정왕동,1044
1,정왕동,1044-1
1,정왕동,1045
1,정왕동,1046
1,정왕동,1047
1,정왕동,1048
1,정왕동,1048-1
1,정왕동,1048-2
1,정왕동,1048-3
1,정왕동,1049
1,정왕동,1050
1,정왕동,1051
1,정왕동,1051-1
1,정왕동,1052
1,정왕동,1053
1,정왕동,1053-1
1,정왕동,1053-2
1,정왕동,1053-3
1,정왕동,1054
1,정왕동,1055
1,정왕동,1055-1
1,정왕동,1055-2
1,정왕동,1056
1,정왕동,1057
1,정왕동,1058
1,정왕동,1058-1
1,정왕동,1059
1,정왕동,1060
1,정왕동,1061
1,정왕동,1062
1,정왕동,1062-1
1,정왕동,1063
1,정왕동,1064
1,정왕동,1064-1
1,정왕동,1065
1,정왕동,1066
1,정왕동,1066-1
1,정왕동,1067
1,정왕동,1067-3
1,정왕동,1068
1,정왕동,1068-1
1,정왕동,1068-2
1,정왕동,1069
1,정왕동,1069-1
1,정왕동,1070
1,정왕동,1071
1,정왕동,1071-1
1,정왕동,1071-2
1,정왕동,1072
1,정왕동,1072-1
1,정왕동,1072-2
1,정왕동,1072-3
1,정왕동,1072-4
1,정왕동,1072-5
1,정왕동,1072-6
1,정왕동,1072-7
1,정왕동,1072-8
1,정왕동,1072-9
1,정왕동,1072-10
1,정왕동,1072-11
1,정왕동,1073
1,정왕동,1073-1
1,정왕동,1073-2
1,정왕동,1073-3
1,정왕동,1073-4
1,정왕동,1073-5
1,정왕동,1073-6
1,정왕동,1073-7
1,정왕동,1073-8
1,정왕동,1073-9
1,정왕동,1073-10
1,정왕동,1073-12
1,정왕동,1073-13
1,정왕동,1073-15
1,정왕동,1073-17
1,정왕동,1074
1,정왕동,1074-1
1,정왕동,1075
1,정왕동,1076
1,정왕동,1076-1
1,정왕동,1076-2
1,정왕동,1076-3
1,정왕동,1076-4
1,정왕동,1076-5
1,정왕동,1076-6
1,정왕동,1076-7
1,정왕동,1076-8
1,정왕동,1076-9
1,정왕동,1076-10
1,정왕동,1076-11
1,정왕동,1077
1,정왕동,1078
1,정왕동,1078-1
1,정왕동,1078-2
1,정왕동,1078-3
1,정왕동,1078-4
1,정왕동,1078-5
1,정왕동,1078-6
1,정왕동,1078-7
1,정왕동,1078-8
1,정왕동,1078-11
1,정왕동,1078-12
1,정왕동,1078-13
1,정왕동,1078-14
1,정왕동,1079
1,정왕동,1080
1,정왕동,1081
1,정왕동,1081-1
1,정왕동,1082
1,정왕동,1082-1
1,정왕동,1082-2
1,정왕동,1083
1,정왕동,1084
1,정왕동,1084-1
1,정왕동,1084-2
1,정왕동,1084-3
1,정왕동,1084-4
1,정왕동,1084-6
1,정왕동,1085-1
1,정왕동,1085-2
1,정왕동,1086
1,정왕동,1086-1
1,정왕동,1086-2
1,정왕동,1087
1,정왕동,1087-1
1,정왕동,1088
1,정왕동,1088-1
1,정왕동,1088-2
1,정왕동,1088-3
1,정왕동,1088-4
1,정왕동,1089
1,정왕동,1089-1
1,정왕동,1089-2
1,정왕동,1089-3
1,정왕동,1089-4
1,정왕동,2373
1,정왕동,1160
1,정왕동,1160-1
1,정왕동,1160-2
1,정왕동,1160-5
1,정왕동,1708-2
1,정왕동,1723-1
1,정왕동,1842-2
1,정왕동,1916
1,정왕동,1939
6,정왕동,1939
1,정왕동,2044
1,정왕동,2056
1,정왕동,2056-1
1,정왕동,2071
1,정왕동,2144
1,정왕동,2144-1
1,정왕동,2147
23,정왕동,2159
1,정왕동,1890
1,정왕동,2199-2
1,정왕동,2202-9
1,정왕동,2202-10
1,정왕동,2202-12
1,정왕동,2202-19
1,정왕동,2227
1,정왕동,2228
1,정왕동,2229
1,정왕동,2229-1
1,정왕동,2230
